{
  "config": {
    "run_name": "exp2",
    "out_dir": "./results",
    "seed": 42,
    "device": null,
    "bs_train": 16,
    "bs_test": 4,
    "batches": 10,
    "epochs": 10,
    "early_stopping": 5,
    "checkpoints": null,
    "lr": 0.001,
    "reg": 0.001,
    "filters_per_layer": [
      32,
      64,
      128
    ],
    "pool_every": 2,
    "hidden_dims": [
      100
    ],
    "model_type": "ycn",
    "kw": {},
    "layers_per_block": 6
  },
  "results": {
    "num_epochs": 6,
    "train_loss": [
      NaN,
      NaN,
      NaN,
      NaN,
      NaN,
      NaN
    ],
    "train_acc": [
      10.0,
      10.0,
      10.0,
      10.0,
      10.0,
      10.0
    ],
    "test_loss": [
      NaN,
      NaN,
      NaN,
      NaN,
      NaN,
      NaN
    ],
    "test_acc": [
      10.0,
      10.0,
      10.0,
      10.0,
      10.0,
      10.0
    ]
  }
}